{"type": "BTree", "build time": 1.7363946437835693, "search time": 6.712014675140381e-06, "average error": 0.0, "store size": 13538859}