{"type": "NN", "build time": 13.376371622085571, "search time": 2.7556450366973876e-05, "average error": 0.33651660000000033, "store size": 880}